inf0,ylag0
0.30549499491556303,0.81602810943917
0.30399394730946694,0.4924113657318531
0.2949862131890181,0.5358967670267245
0.2822622496491437,0.665408958777753
0.30074446620133766,0.6368342853523928
0.3081959853436965,0.6149418553164506
0.2905684091457389,0.697114565238224
0.29083158807437914,0.8349608254405688
0.3028453423752574,0.6553773357309134
0.3091715251178274,0.7165219350936851
