inf0,ylag0
0.3366850430936774,0.8159532027805492
0.2916318802666674,0.4845979859080448
0.2708949206452547,0.5460863082581943
0.28854501939565586,0.6439971641604697
0.3164272296201296,0.6403390121655685
0.30289324576001775,0.6235149520835539
0.25493146732662214,0.6873816940993158
0.27442431757234764,0.8572342343227989
0.2476208726284183,0.6368208652390447
0.31532445505143825,0.7420200679137132
