inf0,ylag0
0.30960642274767364,0.8150814281487505
0.3103726083788102,0.4890560737576245
0.28710014011313173,0.5467255514343919
0.2857823134714842,0.6477877226094664
0.29855839271755824,0.635406674214274
0.2961113852286825,0.6245764202524795
0.2620145917205904,0.7024371252085646
0.2832310596309226,0.8569249215607362
0.2815389821159469,0.6485120519480778
0.3103665613519782,0.7436196787794522
