inf0,ylag0
0.3451151651205127,0.8130659083477962
0.28428342941956547,0.48510542875505464
0.2482354379316613,0.5455928812761635
0.3051139541942849,0.6389300458958547
0.3153934818589669,0.6383455323418497
0.2463278460566967,0.6264045635718063
0.2993150508668688,0.6736232537113903
0.28970334411967824,0.8606483788446329
0.19638938906325923,0.6285765765331965
0.35805331978917776,0.7290578310947817
