inf0,ylag0
0.3096129837820188,0.8330605315976283
0.3084279825707291,0.4959498129524834
0.29635862313408445,0.5336225493948734
0.29787968912871987,0.6420372470252722
0.300456225420491,0.6354021641906198
0.29842722173265607,0.6208265954806697
0.29341188328364065,0.6964623992760068
0.3000512934208396,0.8606157726653832
0.3000221425174252,0.6553366428133505
0.30086204347230816,0.7487349359512534
