inf0,ylag0
0.2518712043189366,0.8202776537091798
0.21345736655325395,0.4843904619015466
0.2528885283191482,0.5485691944281319
0.35228315579607267,0.6346828655394504
0.30146271546709597,0.6357739687301285
0.21492343671267675,0.6235608230076024
0.28632118427395903,0.6775715045038678
0.24639102815814656,0.8566697629605249
0.20231432859888768,0.6421284909791463
0.40977120762918817,0.7195185143592044
